{
  "qwen_omni": {
    "ASR": {
      "text_prompt": {
        "average_wer": 32.079840086380344,
        "num_languages": 7,
        "languages": [
          "de",
          "en",
          "es",
          "fr",
          "it",
          "nl",
          "pt"
        ],
        "per_language": {
          "en": 30.157808346213137,
          "de": 49.29526450116005,
          "es": 26.48097356828187,
          "fr": 26.695150887573824,
          "it": 23.449944508670423,
          "nl": 37.29699450549456,
          "pt": 31.18274428726856
        }
      },
      "f_audio_prompt": {
        "average_wer": 40.682289644730574,
        "num_languages": 7,
        "languages": [
          "de",
          "en",
          "es",
          "fr",
          "it",
          "nl",
          "pt"
        ],
        "per_language": {
          "en": 33.5087666151468,
          "de": 55.894842227378184,
          "es": 26.028528634361123,
          "fr": 29.919970414201128,
          "it": 25.90143815028881,
          "nl": 55.45227472527471,
          "pt": 58.07020674646325
        }
      },
      "m_audio_prompt": {
        "average_wer": 33.238525389373144,
        "num_languages": 5,
        "languages": [
          "de",
          "en",
          "es",
          "fr",
          "it"
        ],
        "per_language": {
          "en": 31.39940958268926,
          "de": 52.79827146171684,
          "es": 26.17991629955939,
          "fr": 30.46440532544375,
          "it": 25.350624277456493
        }
      },
      "audio_prompt_combined": {
        "average_wer": 37.58072120499832,
        "num_values": 12,
        "num_languages": 7,
        "languages": [
          "de",
          "en",
          "es",
          "fr",
          "it",
          "nl",
          "pt"
        ],
        "note": "Average over both male and female audio prompts"
      }
    },
    "MT": {
      "text_prompt": null,
      "f_audio_prompt": null,
      "m_audio_prompt": null,
      "audio_prompt_combined": null
    },
    "S2ST": {
      "text_prompt": null,
      "f_audio_prompt": null,
      "m_audio_prompt": null,
      "audio_prompt_combined": null
    },
    "SSUM": {
      "text_prompt": null,
      "f_audio_prompt": null,
      "m_audio_prompt": null,
      "audio_prompt_combined": null
    },
    "TSUM": {
      "text_prompt": null,
      "f_audio_prompt": null,
      "m_audio_prompt": null,
      "audio_prompt_combined": null
    },
    "ST": {
      "text_prompt": null,
      "f_audio_prompt": null,
      "m_audio_prompt": null,
      "audio_prompt_combined": null
    },
    "TTS": {
      "text_prompt": null,
      "f_audio_prompt": null,
      "m_audio_prompt": null,
      "audio_prompt_combined": null
    },
    "ACHAP": {
      "text_prompt": null,
      "f_audio_prompt": null,
      "m_audio_prompt": null,
      "audio_prompt_combined": null
    },
    "SQA": {
      "text_prompt": null,
      "f_audio_prompt": null,
      "m_audio_prompt": null,
      "audio_prompt_combined": null
    }
  },
  "phi_multimodal": {
    "ASR": {
      "text_prompt": {
        "average_wer": 73.31378064413992,
        "num_languages": 7,
        "languages": [
          "de",
          "en",
          "es",
          "fr",
          "it",
          "nl",
          "pt"
        ],
        "per_language": {
          "en": 36.2703183925812,
          "de": 52.78645243619496,
          "es": 26.205671806167253,
          "fr": 36.06336094674539,
          "it": 31.439285549132773,
          "nl": 297.60077472527456,
          "pt": 32.83060065288335
        }
      },
      "f_audio_prompt": {
        "average_wer": 295.87083886672593,
        "num_languages": 7,
        "languages": [
          "de",
          "en",
          "es",
          "fr",
          "it",
          "nl",
          "pt"
        ],
        "per_language": {
          "en": 276.0686584234931,
          "de": 290.2466983758696,
          "es": 310.4438193832603,
          "fr": 243.6387721893495,
          "it": 308.6322728323699,
          "nl": 340.9405714285717,
          "pt": 301.1250794341675
        }
      },
      "m_audio_prompt": {
        "average_wer": 418.30852465300103,
        "num_languages": 5,
        "languages": [
          "de",
          "en",
          "es",
          "fr",
          "it"
        ],
        "per_language": {
          "en": 265.994723338485,
          "de": 314.5337076566122,
          "es": 946.4043414096956,
          "fr": 254.34244970414275,
          "it": 310.2674011560695
        }
      },
      "audio_prompt_combined": {
        "average_wer": 346.88654127767387,
        "num_values": 12,
        "num_languages": 7,
        "languages": [
          "de",
          "en",
          "es",
          "fr",
          "it",
          "nl",
          "pt"
        ],
        "note": "Average over both male and female audio prompts"
      }
    },
    "MT": {
      "text_prompt": null,
      "f_audio_prompt": null,
      "m_audio_prompt": null,
      "audio_prompt_combined": null
    },
    "S2ST": {
      "text_prompt": null,
      "f_audio_prompt": null,
      "m_audio_prompt": null,
      "audio_prompt_combined": null
    },
    "SSUM": {
      "text_prompt": null,
      "f_audio_prompt": null,
      "m_audio_prompt": null,
      "audio_prompt_combined": null
    },
    "TSUM": {
      "text_prompt": null,
      "f_audio_prompt": null,
      "m_audio_prompt": null,
      "audio_prompt_combined": null
    },
    "ST": {
      "text_prompt": null,
      "f_audio_prompt": null,
      "m_audio_prompt": null,
      "audio_prompt_combined": null
    },
    "TTS": {
      "text_prompt": null,
      "f_audio_prompt": null,
      "m_audio_prompt": null,
      "audio_prompt_combined": null
    },
    "ACHAP": {
      "text_prompt": null,
      "f_audio_prompt": null,
      "m_audio_prompt": null,
      "audio_prompt_combined": null
    },
    "SQA": {
      "text_prompt": null,
      "f_audio_prompt": null,
      "m_audio_prompt": null,
      "audio_prompt_combined": null
    }
  }
}